"","Pan","citations"
"1","Acerodon_celebensis",1
"2","Acerodon_humilis",0
"3","Acerodon_jubatus",4
"4","Acerodon_leucotis",0
"5","Acerodon_mackloti",0
"6","Aethalops_aequalis",0
"7","Aethalops_alecto",0
"8","Alionycteris_paucidentata",0
"9","Ametrida_centurio",0
"10","Amorphochilus_schnablii",0
"11","Anoura_caudifer",6
"12","Anoura_cultrata",1
"13","Anoura_geoffroyi",15
"14","Anoura_latidens",0
"15","Anoura_luismanueli",0
"16","Anthops_ornatus",0
"17","Antrozous_pallidus",33
"18","Aproteles_bulmerae",0
"19","Ardops_nichollsi",1
"20","Arielulus_aureocollaris",0
"21","Arielulus_circumdatus",0
"22","Arielulus_cuprosus",0
"23","Arielulus_societatis",0
"24","Arielulus_torquatus",0
"25","Ariteus_flavescens",0
"26","Artibeus_amplus",1
"27","Artibeus_anderseni",0
"28","Artibeus_aztecus",1
"29","Artibeus_cinereus",3
"30","Artibeus_concolor",0
"31","Artibeus_fimbriatus",5
"32","Artibeus_fraterculus",1
"33","Artibeus_glaucus",0
"34","Artibeus_gnomus",0
"35","Artibeus_hirsutus",3
"36","Artibeus_incomitatus",0
"37","Artibeus_inopinatus",0
"38","Artibeus_jamaicensis",97
"39","Artibeus_lituratus",103
"40","Artibeus_obscurus",8
"41","Artibeus_phaeotis",0
"42","Artibeus_toltecus",0
"43","Artibeus_watsoni",1
"44","Asellia_patrizii",0
"45","Asellia_tridens",4
"46","Aselliscus_stoliczkanus",12
"47","Aselliscus_tricuspidatus",0
"48","Balantiopteryx_infusca",0
"49","Balantiopteryx_io",0
"50","Balantiopteryx_plicata",5
"51","Balionycteris_maculata",0
"52","Barbastella_barbastellus",19
"53","Barbastella_leucomelas",1
"54","Bauerus_dubiaquercus",0
"55","Brachyphylla_cavernarum",3
"56","Brachyphylla_nana",0
"57","Cardioderma_cor",3
"58","Carollia_brevicauda",17
"59","Carollia_castanea",3
"60","Carollia_colombiana",0
"61","Carollia_perspicillata",186
"62","Carollia_subrufa",0
"63","Casinycteris_argynnis",3
"64","Centronycteris_centralis",1
"65","Centronycteris_maximiliani",2
"66","Centurio_senex",0
"67","Chaerephon_aloysiisabaudiae",0
"68","Chaerephon_ansorgei",0
"69","Chaerephon_bemmeleni",0
"70","Chaerephon_bivittatus",1
"71","Chaerephon_bregullae",0
"72","Chaerephon_chapini",0
"73","Chaerephon_gallagheri",0
"74","Chaerephon_jobensis",0
"75","Chaerephon_johorensis",0
"76","Chaerephon_leucogaster",0
"77","Chaerephon_major",0
"78","Chaerephon_nigeriae",1
"79","Chaerephon_plicatus",2
"80","Chaerephon_pumilus",5
"81","Chaerephon_russatus",0
"82","Chaerephon_shortridgei",0
"83","Chaerephon_solomonis",0
"84","Chaerephon_tomensis",0
"85","Chalinolobus_dwyeri",0
"86","Chalinolobus_gouldii",13
"87","Chalinolobus_morio",1
"88","Chalinolobus_neocaledonicus",0
"89","Chalinolobus_nigrogriseus",0
"90","Chalinolobus_picatus",0
"91","Chalinolobus_tuberculatus",4
"92","Cheiromeles_parvidens",0
"93","Cheiromeles_torquatus",3
"94","Chilonatalus_micropus",0
"95","Chilonatalus_tumidifrons",0
"96","Chiroderma_doriae",1
"97","Chiroderma_improvisum",1
"98","Chiroderma_salvini",0
"99","Chiroderma_trinitatum",1
"100","Chiroderma_villosum",4
"101","Chironax_melanocephalus",0
"102","Choeroniscus_godmani",1
"103","Choeroniscus_minor",1
"104","Choeroniscus_periosus",0
"105","Choeronycteris_mexicana",10
"106","Chrotopterus_auritus",6
"107","Cistugo_lesueuri",1
"108","Cistugo_seabrae",0
"109","Cloeotis_percivali",0
"110","Coelops_frithii",1
"111","Coelops_robinsoni",0
"112","Coleura_afra",4
"113","Coleura_seychellensis",0
"114","Cormura_brevirostris",2
"115","Corynorhinus_mexicanus",5
"116","Corynorhinus_rafinesquii",8
"117","Corynorhinus_townsendii",8
"118","Craseonycteris_thonglongyai",1
"119","Cynomops_abrasus",2
"120","Cynomops_greenhalli",0
"121","Cynomops_mexicanus",0
"122","Cynomops_paranus",0
"123","Cynomops_planirostris",3
"124","Cynopterus_brachyotis",41
"125","Cynopterus_horsfieldii",0
"126","Cynopterus_luzoniensis",0
"127","Cynopterus_minutus",0
"128","Cynopterus_nusatenggara",0
"129","Cynopterus_sphinx",67
"130","Cynopterus_titthaecheilus",2
"131","Cyttarops_alecto",0
"132","Desmodus_rotundus",358
"133","Diaemus_youngi",13
"134","Diclidurus_albus",0
"135","Diclidurus_ingens",0
"136","Diclidurus_isabellus",0
"137","Diclidurus_scutatus",0
"138","Diphylla_ecaudata",18
"139","Dobsonia_anderseni",0
"140","Dobsonia_beauforti",0
"141","Dobsonia_chapmani",0
"142","Dobsonia_crenulata",0
"143","Dobsonia_emersa",0
"144","Dobsonia_exoleta",0
"145","Dobsonia_inermis",0
"146","Dobsonia_magna",0
"147","Dobsonia_minor",0
"148","Dobsonia_moluccensis",2
"149","Dobsonia_pannietensis",0
"150","Dobsonia_peronii",0
"151","Dobsonia_praedatrix",1
"152","Dobsonia_viridis",1
"153","Dyacopterus_brooksi",0
"154","Dyacopterus_spadiceus",0
"155","Ectophylla_alba",4
"156","Eidolon_dupreanum",9
"157","Eidolon_helvum",104
"158","Emballonura_alecto",0
"159","Emballonura_atrata",0
"160","Emballonura_beccarii",0
"161","Emballonura_dianae",0
"162","Emballonura_furax",0
"163","Emballonura_monticola",1
"164","Emballonura_raffrayana",0
"165","Emballonura_semicaudata",0
"166","Emballonura_serii",0
"167","Enchisthenes_hartii",2
"168","Eonycteris_major",0
"169","Eonycteris_robusta",0
"170","Eonycteris_spelaea",26
"171","Epomophorus_angolensis",0
"172","Epomophorus_crypturus",1
"173","Epomophorus_gambianus",13
"174","Epomophorus_grandis",0
"175","Epomophorus_labiatus",1
"176","Epomophorus_minimus",0
"177","Epomophorus_minor",0
"178","Epomophorus_wahlbergi",14
"179","Epomops_buettikoferi",2
"180","Epomops_dobsonii",0
"181","Epomops_franqueti",10
"182","Eptesicus_andinus",0
"183","Eptesicus_bobrinskoi",0
"184","Eptesicus_bottae",2
"185","Eptesicus_brasiliensis",2
"186","Eptesicus_chiriquinus",0
"187","Eptesicus_diminutus",2
"188","Eptesicus_dimissus",0
"189","Eptesicus_floweri",0
"190","Eptesicus_furinalis",9
"191","Eptesicus_fuscus",489
"192","Eptesicus_gobiensis",0
"193","Eptesicus_guadeloupensis",0
"194","Eptesicus_hottentotus",2
"195","Eptesicus_innoxius",0
"196","Eptesicus_japonensis",0
"197","Eptesicus_kobayashii",0
"198","Eptesicus_matroka",1
"199","Eptesicus_nasutus",0
"200","Eptesicus_nilssonii",16
"201","Eptesicus_pachyotis",0
"202","Eptesicus_platyops",0
"203","Eptesicus_serotinus",71
"204","Eptesicus_tatei",0
"205","Erophylla_bombifrons",1
"206","Erophylla_sezekorni",5
"207","Euderma_maculatum",5
"208","Eudiscopus_denticulus",0
"209","Eumops_auripendulus",2
"210","Eumops_bonariensis",1
"211","Eumops_dabbenei",0
"212","Eumops_glaucinus",6
"213","Eumops_hansae",0
"214","Eumops_maurus",1
"215","Eumops_patagonicus",2
"216","Eumops_perotis",7
"217","Eumops_trumbulli",0
"218","Eumops_underwoodi",0
"219","Falsistrellus_affinis",0
"220","Falsistrellus_mackenziei",1
"221","Falsistrellus_mordax",0
"222","Falsistrellus_petersi",0
"223","Falsistrellus_tasmaniensis",0
"224","Furipterus_horrens",2
"225","Glauconycteris_alboguttata",0
"226","Glauconycteris_argentata",0
"227","Glauconycteris_beatrix",2
"228","Glauconycteris_curryae",1
"229","Glauconycteris_egeria",0
"230","Glauconycteris_gleni",0
"231","Glauconycteris_humeralis",0
"232","Glauconycteris_kenyacola",0
"233","Glauconycteris_machadoi",0
"234","Glauconycteris_poensis",2
"235","Glauconycteris_superba",1
"236","Glauconycteris_variegata",0
"237","Glischropus_javanus",0
"238","Glischropus_tylopus",1
"239","Glossophaga_commissarisi",7
"240","Glossophaga_leachii",0
"241","Glossophaga_longirostris",5
"242","Glossophaga_morenoi",0
"243","Glossophaga_soricina",107
"244","Glyphonycteris_behnii",0
"245","Glyphonycteris_daviesi",0
"246","Glyphonycteris_sylvestris",1
"247","Haplonycteris_fischeri",2
"248","Harpiocephalus_harpia",1
"249","Harpiocephalus_mordax",0
"250","Harpyionycteris_celebensis",0
"251","Harpyionycteris_whiteheadi",0
"252","Hesperoptenus_blanfordi",1
"253","Hesperoptenus_doriae",0
"254","Hesperoptenus_gaskelli",0
"255","Hesperoptenus_tickelli",0
"256","Hesperoptenus_tomesi",0
"257","Hipposideros_abae",1
"258","Hipposideros_armiger",37
"259","Hipposideros_ater",1
"260","Hipposideros_beatus",1
"261","Hipposideros_bicolor",6
"262","Hipposideros_breviceps",0
"263","Hipposideros_caffer",8
"264","Hipposideros_calcaratus",0
"265","Hipposideros_camerunensis",0
"266","Hipposideros_cervinus",2
"267","Hipposideros_cineraceus",1
"268","Hipposideros_commersoni",6
"269","Hipposideros_coronatus",0
"270","Hipposideros_corynophyllus",0
"271","Hipposideros_coxi",0
"272","Hipposideros_crumeniferus",0
"273","Hipposideros_curtus",0
"274","Hipposideros_cyclops",4
"275","Hipposideros_demissus",0
"276","Hipposideros_diadema",7
"277","Hipposideros_dinops",0
"278","Hipposideros_doriae",0
"279","Hipposideros_durgadasi",1
"280","Hipposideros_dyacorum",0
"281","Hipposideros_edwardshilli",0
"282","Hipposideros_fuliginosus",1
"283","Hipposideros_fulvus",7
"284","Hipposideros_galeritus",2
"285","Hipposideros_gigas",3
"286","Hipposideros_grandis",0
"287","Hipposideros_halophyllus",0
"288","Hipposideros_hypophyllus",0
"289","Hipposideros_inexpectatus",0
"290","Hipposideros_inornatus",0
"291","Hipposideros_jonesi",0
"292","Hipposideros_lamottei",0
"293","Hipposideros_lankadiva",3
"294","Hipposideros_larvatus",13
"295","Hipposideros_lekaguli",1
"296","Hipposideros_lylei",0
"297","Hipposideros_macrobullatus",0
"298","Hipposideros_madurae",0
"299","Hipposideros_maggietaylorae",0
"300","Hipposideros_marisae",0
"301","Hipposideros_megalotis",0
"302","Hipposideros_muscinus",0
"303","Hipposideros_nequam",0
"304","Hipposideros_obscurus",0
"305","Hipposideros_orbiculus",0
"306","Hipposideros_papua",0
"307","Hipposideros_pelingensis",0
"308","Hipposideros_pomona",13
"309","Hipposideros_pratti",15
"310","Hipposideros_pygmaeus",1
"311","Hipposideros_ridleyi",0
"312","Hipposideros_rotalis",0
"313","Hipposideros_ruber",3
"314","Hipposideros_scutinares",0
"315","Hipposideros_semoni",0
"316","Hipposideros_sorenseni",0
"317","Hipposideros_speoris",10
"318","Hipposideros_stenotis",0
"319","Hipposideros_sumbae",0
"320","Hipposideros_thomensis",0
"321","Hipposideros_turpis",1
"322","Hipposideros_vittatus",2
"323","Hipposideros_wollastoni",0
"324","Histiotus_alienus",0
"325","Histiotus_humboldti",0
"326","Histiotus_laephotis",0
"327","Histiotus_macrotus",1
"328","Histiotus_magellanicus",0
"329","Histiotus_montanus",5
"330","Histiotus_velatus",5
"331","Hylonycteris_underwoodi",4
"332","Hypsignathus_monstrosus",17
"333","Hypsugo_alaschanicus",1
"334","Hypsugo_anchietae",0
"335","Hypsugo_anthonyi",0
"336","Hypsugo_arabicus",0
"337","Hypsugo_ariel",0
"338","Hypsugo_bodenheimeri",0
"339","Hypsugo_cadornae",0
"340","Hypsugo_crassulus",0
"341","Hypsugo_eisentrauti",1
"342","Hypsugo_imbricatus",0
"343","Hypsugo_joffrei",0
"344","Hypsugo_kitcheneri",0
"345","Hypsugo_lophurus",0
"346","Hypsugo_macrotis",1
"347","Hypsugo_musciculus",0
"348","Hypsugo_pulveratus",1
"349","Hypsugo_savii",10
"350","Hypsugo_vordermanni",0
"351","Ia_io",8
"352","Idionycteris_phyllotis",0
"353","Kerivoula_africana",0
"354","Kerivoula_agnella",0
"355","Kerivoula_argentata",0
"356","Kerivoula_cuprosa",0
"357","Kerivoula_eriophora",0
"358","Kerivoula_flora",0
"359","Kerivoula_hardwickii",6
"360","Kerivoula_intermedia",0
"361","Kerivoula_lanosa",0
"362","Kerivoula_lenis",0
"363","Kerivoula_minuta",0
"364","Kerivoula_muscina",0
"365","Kerivoula_myrella",0
"366","Kerivoula_papillosa",0
"367","Kerivoula_pellucida",1
"368","Kerivoula_phalaena",0
"369","Kerivoula_picta",0
"370","Kerivoula_smithii",0
"371","Kerivoula_whiteheadi",0
"372","Laephotis_angolensis",0
"373","Laephotis_botswanae",0
"374","Laephotis_namibensis",0
"375","Laephotis_wintoni",1
"376","Lampronycteris_brachyotis",1
"377","Lasionycteris_noctivagans",47
"378","Lasiurus_atratus",0
"379","Lasiurus_blossevillii",3
"380","Lasiurus_borealis",40
"381","Lasiurus_castaneus",0
"382","Lasiurus_cinereus",54
"383","Lasiurus_degelidus",0
"384","Lasiurus_ebenus",0
"385","Lasiurus_ega",6
"386","Lasiurus_egregius",0
"387","Lasiurus_insularis",0
"388","Lasiurus_intermedius",1
"389","Lasiurus_minor",0
"390","Lasiurus_pfeifferi",0
"391","Lasiurus_salinae",0
"392","Lasiurus_seminolus",1
"393","Lasiurus_varius",0
"394","Lasiurus_xanthinus",0
"395","Latidens_salimalii",0
"396","Lavia_frons",2
"397","Leptonycteris_curasoae",20
"398","Leptonycteris_nivalis",6
"399","Leptonycteris_yerbabuenae",22
"400","Lichonycteris_obscura",0
"401","Lionycteris_spurrelli",2
"402","Lissonycteris_angolensis",2
"403","Lonchophylla_bokermanni",3
"404","Lonchophylla_dekeyseri",1
"405","Lonchophylla_handleyi",0
"406","Lonchophylla_hesperia",0
"407","Lonchophylla_mordax",2
"408","Lonchophylla_robusta",0
"409","Lonchophylla_thomasi",0
"410","Lonchorhina_aurita",4
"411","Lonchorhina_fernandezi",0
"412","Lonchorhina_inusitata",0
"413","Lonchorhina_marinkellei",0
"414","Lonchorhina_orinocensis",0
"415","Lophostoma_brasiliense",0
"416","Lophostoma_carrikeri",2
"417","Lophostoma_evotis",0
"418","Lophostoma_schulzi",0
"419","Lophostoma_silvicolum",5
"420","Macroderma_gigas",14
"421","Macroglossus_minimus",6
"422","Macroglossus_sobrinus",1
"423","Macrophyllum_macrophyllum",3
"424","Macrotus_californicus",15
"425","Macrotus_waterhousii",15
"426","Megaderma_lyra",34
"427","Megaderma_spasma",5
"428","Megaerops_ecaudatus",2
"429","Megaerops_kusnotoi",0
"430","Megaerops_niphanae",1
"431","Megaerops_wetmorei",0
"432","Megaloglossus_woermanni",3
"433","Melonycteris_fardoulisi",0
"434","Melonycteris_melanops",0
"435","Melonycteris_woodfordi",0
"436","Mesophylla_macconnelli",0
"437","Micronycteris_brosseti",0
"438","Micronycteris_hirsuta",2
"439","Micronycteris_homezi",0
"440","Micronycteris_matses",0
"441","Micronycteris_megalotis",1
"442","Micronycteris_microtis",10
"443","Micronycteris_minuta",1
"444","Micronycteris_sanborni",1
"445","Micronycteris_schmidtorum",1
"446","Micropteropus_intermedius",0
"447","Micropteropus_pusillus",8
"448","Mimetillus_moloneyi",0
"449","Mimon_bennettii",2
"450","Mimon_cozumelae",2
"451","Mimon_crenulatum",4
"452","Mimon_koepckeae",0
"453","Miniopterus_africanus",0
"454","Miniopterus_australis",3
"455","Miniopterus_fraterculus",0
"456","Miniopterus_fuscus",1
"457","Miniopterus_gleni",2
"458","Miniopterus_inflatus",6
"459","Miniopterus_macrocneme",0
"460","Miniopterus_magnater",6
"461","Miniopterus_majori",0
"462","Miniopterus_manavi",1
"463","Miniopterus_medius",0
"464","Miniopterus_minor",2
"465","Miniopterus_natalensis",9
"466","Miniopterus_paululus",0
"467","Miniopterus_pusillus",5
"468","Miniopterus_robustior",0
"469","Miniopterus_schreibersii",90
"470","Miniopterus_shortridgei",0
"471","Miniopterus_tristis",0
"472","Molossops_aequatorianus",0
"473","Molossops_mattogrossensis",0
"474","Molossops_neglectus",1
"475","Molossops_temminckii",4
"476","Molossus_aztecus",0
"477","Molossus_barnesi",0
"478","Molossus_coibensis",1
"479","Molossus_currentium",2
"480","Molossus_molossus",90
"481","Molossus_pretiosus",1
"482","Molossus_rufus",11
"483","Molossus_sinaloae",3
"484","Monophyllus_plethodon",1
"485","Monophyllus_redmani",6
"486","Mops_brachypterus",0
"487","Mops_condylurus",12
"488","Mops_congicus",0
"489","Mops_demonstrator",0
"490","Mops_leucostigma",1
"491","Mops_midas",0
"492","Mops_mops",0
"493","Mops_nanulus",0
"494","Mops_niangarae",0
"495","Mops_niveiventer",0
"496","Mops_petersoni",0
"497","Mops_sarasinorum",0
"498","Mops_spurrelli",0
"499","Mops_thersites",0
"500","Mops_trevori",0
"501","Mormoops_blainvillei",1
"502","Mormoops_magna",0
"503","Mormoops_megalophylla",10
"504","Mormopterus_acetabulosus",0
"505","Mormopterus_beccarii",0
"506","Mormopterus_doriae",0
"507","Mormopterus_jugularis",2
"508","Mormopterus_kalinowskii",0
"509","Mormopterus_loriae",0
"510","Mormopterus_minutus",0
"511","Mormopterus_norfolkensis",1
"512","Mormopterus_phrudus",0
"513","Mormopterus_planiceps",2
"514","Mosia_nigrescens",1
"515","Murina_aenea",1
"516","Murina_aurata",0
"517","Murina_cyclotis",0
"518","Murina_florium",0
"519","Murina_fusca",0
"520","Murina_grisea",0
"521","Murina_hilgendorfi",3
"522","Murina_huttoni",0
"523","Murina_leucogaster",13
"524","Murina_puta",0
"525","Murina_rozendaali",0
"526","Murina_ryukyuana",0
"527","Murina_silvatica",0
"528","Murina_suilla",1
"529","Murina_tenebrosa",0
"530","Murina_tubinaris",0
"531","Murina_ussuriensis",4
"532","Musonycteris_harrisoni",2
"533","Myonycteris_brachycephala",0
"534","Myonycteris_relicta",0
"535","Myonycteris_torquata",8
"536","Myopterus_daubentonii",0
"537","Myopterus_whitleyi",0
"538","Myotis_abei",0
"539","Myotis_adversus",5
"540","Myotis_aelleni",1
"541","Myotis_albescens",5
"542","Myotis_alcathoe",2
"543","Myotis_altarium",4
"544","Myotis_anjouanensis",0
"545","Myotis_annamiticus",0
"546","Myotis_annectans",1
"547","Myotis_atacamensis",0
"548","Myotis_ater",0
"549","Myotis_auriculus",1
"550","Myotis_australis",0
"551","Myotis_austroriparius",6
"552","Myotis_bechsteinii",27
"553","Myotis_blythii",13
"554","Myotis_bocagii",0
"555","Myotis_bombinus",2
"556","Myotis_brandtii",21
"557","Myotis_bucharensis",0
"558","Myotis_californicus",8
"559","Myotis_capaccinii",13
"560","Myotis_chiloensis",6
"561","Myotis_chinensis",3
"562","Myotis_ciliolabrum",6
"563","Myotis_cobanensis",0
"564","Myotis_csorbai",0
"565","Myotis_dasycneme",18
"566","Myotis_daubentonii",89
"567","Myotis_davidii",16
"568","Myotis_dominicensis",0
"569","Myotis_elegans",0
"570","Myotis_emarginatus",8
"571","Myotis_evotis",6
"572","Myotis_fimbriatus",4
"573","Myotis_findleyi",0
"574","Myotis_formosus",2
"575","Myotis_fortidens",0
"576","Myotis_frater",2
"577","Myotis_gomantongensis",0
"578","Myotis_goudoti",4
"579","Myotis_grisescens",8
"580","Myotis_hajastanicus",1
"581","Myotis_hasseltii",0
"582","Myotis_hermani",0
"583","Myotis_horsfieldii",3
"584","Myotis_hosonoi",0
"585","Myotis_ikonnikovi",4
"586","Myotis_insularum",0
"587","Myotis_keaysi",2
"588","Myotis_keenii",3
"589","Myotis_laniger",1
"590","Myotis_leibii",1
"591","Myotis_levis",3
"592","Myotis_longipes",0
"593","Myotis_lucifugus",364
"594","Myotis_macrodactylus",9
"595","Myotis_macropus",2
"596","Myotis_macrotarsus",0
"597","Myotis_martiniquensis",0
"598","Myotis_melanorhinus",0
"599","Myotis_moluccarum",0
"600","Myotis_montivagus",1
"601","Myotis_morrisi",0
"602","Myotis_muricola",1
"603","Myotis_myotis",199
"604","Myotis_mystacinus",15
"605","Myotis_nattereri",43
"606","Myotis_nesopolus",0
"607","Myotis_nigricans",28
"608","Myotis_nipalensis",0
"609","Myotis_occultus",1
"610","Myotis_oreias",0
"611","Myotis_oxygnathus",6
"612","Myotis_oxyotus",2
"613","Myotis_ozensis",0
"614","Myotis_peninsularis",0
"615","Myotis_pequinius",4
"616","Myotis_planiceps",0
"617","Myotis_pruinosus",2
"618","Myotis_punicus",2
"619","Myotis_ricketti",16
"620","Myotis_ridleyi",0
"621","Myotis_riparius",4
"622","Myotis_rosseti",0
"623","Myotis_ruber",1
"624","Myotis_schaubi",0
"625","Myotis_scotti",0
"626","Myotis_septentrionalis",17
"627","Myotis_sicarius",0
"628","Myotis_siligorensis",1
"629","Myotis_simus",2
"630","Myotis_sodalis",17
"631","Myotis_stalkeri",0
"632","Myotis_thysanodes",9
"633","Myotis_tricolor",3
"634","Myotis_velifer",24
"635","Myotis_vivesi",8
"636","Myotis_volans",8
"637","Myotis_welwitschii",0
"638","Myotis_yanbarensis",1
"639","Myotis_yesoensis",0
"640","Myotis_yumanensis",9
"641","Mystacina_robusta",0
"642","Mystacina_tuberculata",17
"643","Myzopoda_aurita",1
"644","Nanonycteris_veldkampii",1
"645","Natalus_jamaicensis",0
"646","Natalus_major",0
"647","Natalus_primus",0
"648","Natalus_stramineus",4
"649","Natalus_tumidirostris",1
"650","Neonycteris_pusilla",0
"651","Neopteryx_frosti",0
"652","Neoromicia_brunneus",0
"653","Neoromicia_capensis",4
"654","Neoromicia_flavescens",0
"655","Neoromicia_guineensis",0
"656","Neoromicia_helios",0
"657","Neoromicia_melckorum",0
"658","Neoromicia_nanus",2
"659","Neoromicia_rendalli",1
"660","Neoromicia_somalicus",0
"661","Neoromicia_tenuipinnis",0
"662","Neoromicia_zuluensis",0
"663","Noctilio_albiventris",22
"664","Noctilio_leporinus",17
"665","Notopteris_macdonaldi",0
"666","Notopteris_neocaledonica",0
"667","Nyctalus_aviator",1
"668","Nyctalus_azoreum",3
"669","Nyctalus_furvus",0
"670","Nyctalus_lasiopterus",8
"671","Nyctalus_leisleri",11
"672","Nyctalus_montanus",0
"673","Nyctalus_noctula",57
"674","Nyctalus_plancyi",9
"675","Nycteris_arge",0
"676","Nycteris_aurita",0
"677","Nycteris_gambiensis",0
"678","Nycteris_grandis",1
"679","Nycteris_hispida",2
"680","Nycteris_intermedia",0
"681","Nycteris_javanica",0
"682","Nycteris_macrotis",1
"683","Nycteris_madagascariensis",0
"684","Nycteris_major",0
"685","Nycteris_nana",1
"686","Nycteris_parisii",0
"687","Nycteris_thebaica",9
"688","Nycteris_tragata",0
"689","Nycteris_vinsoni",0
"690","Nycteris_woodi",0
"691","Nycticeinops_schlieffeni",0
"692","Nycticeius_aenobarbus",0
"693","Nycticeius_cubanus",0
"694","Nycticeius_humeralis",11
"695","Nyctiellus_lepidus",0
"696","Nyctimene_aello",0
"697","Nyctimene_albiventer",0
"698","Nyctimene_cephalotes",0
"699","Nyctimene_certans",0
"700","Nyctimene_cyclotis",0
"701","Nyctimene_draconilla",0
"702","Nyctimene_keasti",0
"703","Nyctimene_major",0
"704","Nyctimene_malaitensis",0
"705","Nyctimene_masalai",0
"706","Nyctimene_minutus",0
"707","Nyctimene_rabori",0
"708","Nyctimene_robinsoni",2
"709","Nyctimene_sanctacrucis",0
"710","Nyctimene_vizcaccia",0
"711","Nyctinomops_aurispinosus",0
"712","Nyctinomops_femorosaccus",1
"713","Nyctinomops_laticaudatus",16
"714","Nyctinomops_macrotis",9
"715","Nyctophilus_arnhemensis",0
"716","Nyctophilus_bifax",0
"717","Nyctophilus_geoffroyi",10
"718","Nyctophilus_gouldi",12
"719","Nyctophilus_heran",0
"720","Nyctophilus_howensis",0
"721","Nyctophilus_microdon",0
"722","Nyctophilus_microtis",0
"723","Nyctophilus_nebulosus",0
"724","Nyctophilus_timoriensis",0
"725","Nyctophilus_walkeri",0
"726","Otomops_formosus",0
"727","Otomops_johnstonei",0
"728","Otomops_madagascariensis",1
"729","Otomops_martiensseni",3
"730","Otomops_papuensis",0
"731","Otomops_secundus",0
"732","Otomops_wroughtoni",0
"733","Otonycteris_hemprichii",6
"734","Otopteropus_cartilagonodus",0
"735","Paracoelops_megalotis",0
"736","Paranyctimene_raptor",0
"737","Paranyctimene_tenax",0
"738","Penthetor_lucasi",1
"739","Peropteryx_kappleri",3
"740","Peropteryx_leucoptera",0
"741","Peropteryx_macrotis",5
"742","Peropteryx_trinitatis",0
"743","Pharotis_imogene",0
"744","Philetor_brachypterus",0
"745","Phoniscus_aerosa",0
"746","Phoniscus_atrox",0
"747","Phoniscus_jagorii",0
"748","Phoniscus_papuensis",0
"749","Phylloderma_stenops",1
"750","Phyllonycteris_aphylla",0
"751","Phyllonycteris_major",0
"752","Phyllonycteris_poeyi",1
"753","Phyllops_falcatus",0
"754","Phyllostomus_discolor",77
"755","Phyllostomus_elongatus",1
"756","Phyllostomus_hastatus",49
"757","Phyllostomus_latifolius",1
"758","Pipistrellus_abramus",36
"759","Pipistrellus_adamsi",0
"760","Pipistrellus_aero",0
"761","Pipistrellus_angulatus",0
"762","Pipistrellus_ceylonicus",2
"763","Pipistrellus_collinus",0
"764","Pipistrellus_coromandra",2
"765","Pipistrellus_deserti",0
"766","Pipistrellus_endoi",0
"767","Pipistrellus_hesperidus",3
"768","Pipistrellus_hesperus",7
"769","Pipistrellus_inexspectatus",0
"770","Pipistrellus_javanicus",4
"771","Pipistrellus_kuhlii",27
"772","Pipistrellus_maderensis",1
"773","Pipistrellus_minahassae",0
"774","Pipistrellus_nanulus",0
"775","Pipistrellus_nathusii",16
"776","Pipistrellus_papuanus",0
"777","Pipistrellus_paterculus",0
"778","Pipistrellus_permixtus",0
"779","Pipistrellus_pipistrellus",113
"780","Pipistrellus_pygmaeus",23
"781","Pipistrellus_rueppellii",1
"782","Pipistrellus_rusticus",1
"783","Pipistrellus_stenopterus",2
"784","Pipistrellus_sturdeei",0
"785","Pipistrellus_subflavus",19
"786","Pipistrellus_tenuis",0
"787","Pipistrellus_wattsi",0
"788","Pipistrellus_westralis",0
"789","Platalina_genovensium",0
"790","Platymops_setiger",0
"791","Platyrrhinus_aurarius",0
"792","Platyrrhinus_brachycephalus",0
"793","Platyrrhinus_chocoensis",0
"794","Platyrrhinus_dorsalis",1
"795","Platyrrhinus_helleri",2
"796","Platyrrhinus_infuscus",0
"797","Platyrrhinus_lineatus",19
"798","Platyrrhinus_recifinus",0
"799","Platyrrhinus_umbratus",0
"800","Platyrrhinus_vittatus",0
"801","Plecotus_alpinus",0
"802","Plecotus_auritus",53
"803","Plecotus_austriacus",12
"804","Plecotus_balensis",0
"805","Plecotus_kolombatovici",0
"806","Plecotus_sardus",0
"807","Plecotus_taivanus",0
"808","Plecotus_teneriffae",1
"809","Plerotes_anchietae",0
"810","Promops_centralis",0
"811","Promops_nasutus",1
"812","Ptenochirus_jagori",3
"813","Ptenochirus_minor",0
"814","Pteralopex_acrodonta",0
"815","Pteralopex_anceps",0
"816","Pteralopex_atrata",0
"817","Pteralopex_pulchra",0
"818","Pteralopex_taki",0
"819","Pteronotus_davyi",3
"820","Pteronotus_gymnonotus",0
"821","Pteronotus_macleayii",2
"822","Pteronotus_parnellii",143
"823","Pteronotus_personatus",9
"824","Pteronotus_pristinus",0
"825","Pteronotus_quadridens",7
"826","Pteropus_admiralitatum",0
"827","Pteropus_aldabrensis",0
"828","Pteropus_alecto",78
"829","Pteropus_anetianus",0
"830","Pteropus_aruensis",0
"831","Pteropus_banakrisi",0
"832","Pteropus_brunneus",0
"833","Pteropus_caniceps",0
"834","Pteropus_capistratus",0
"835","Pteropus_chrysoproctus",0
"836","Pteropus_cognatus",0
"837","Pteropus_conspicillatus",18
"838","Pteropus_dasymallus",5
"839","Pteropus_faunulus",0
"840","Pteropus_fundatus",0
"841","Pteropus_giganteus",57
"842","Pteropus_gilliardorum",0
"843","Pteropus_griseus",0
"844","Pteropus_howensis",0
"845","Pteropus_hypomelanus",32
"846","Pteropus_insularis",0
"847","Pteropus_intermedius",0
"848","Pteropus_keyensis",0
"849","Pteropus_leucopterus",0
"850","Pteropus_livingstonii",7
"851","Pteropus_lombocensis",0
"852","Pteropus_loochoensis",0
"853","Pteropus_lylei",16
"854","Pteropus_macrotis",1
"855","Pteropus_mahaganus",0
"856","Pteropus_mariannus",3
"857","Pteropus_melanopogon",0
"858","Pteropus_melanotus",2
"859","Pteropus_molossinus",0
"860","Pteropus_neohibernicus",1
"861","Pteropus_niger",2
"862","Pteropus_nitendiensis",0
"863","Pteropus_ocularis",0
"864","Pteropus_ornatus",1
"865","Pteropus_pelewensis",0
"866","Pteropus_personatus",0
"867","Pteropus_pilosus",0
"868","Pteropus_pohlei",0
"869","Pteropus_poliocephalus",65
"870","Pteropus_pselaphon",3
"871","Pteropus_pumilus",9
"872","Pteropus_rayneri",0
"873","Pteropus_rennelli",0
"874","Pteropus_rodricensis",7
"875","Pteropus_rufus",15
"876","Pteropus_samoensis",1
"877","Pteropus_scapulatus",22
"878","Pteropus_seychellensis",2
"879","Pteropus_speciosus",0
"880","Pteropus_subniger",0
"881","Pteropus_temminckii",0
"882","Pteropus_tokudae",1
"883","Pteropus_tonganus",2
"884","Pteropus_tuberculatus",0
"885","Pteropus_ualanus",0
"886","Pteropus_vampyrus",49
"887","Pteropus_vetulus",0
"888","Pteropus_voeltzkowi",0
"889","Pteropus_woodfordi",0
"890","Pteropus_yapensis",0
"891","Pygoderma_bilabiatum",1
"892","Rhinolophus_acuminatus",1
"893","Rhinolophus_adami",0
"894","Rhinolophus_affinis",14
"895","Rhinolophus_alcyone",1
"896","Rhinolophus_arcuatus",1
"897","Rhinolophus_beddomei",1
"898","Rhinolophus_blasii",4
"899","Rhinolophus_bocharicus",0
"900","Rhinolophus_borneensis",0
"901","Rhinolophus_canuti",0
"902","Rhinolophus_capensis",10
"903","Rhinolophus_celebensis",0
"904","Rhinolophus_clivosus",7
"905","Rhinolophus_coelophyllus",0
"906","Rhinolophus_cognatus",0
"907","Rhinolophus_convexus",0
"908","Rhinolophus_cornutus",8
"909","Rhinolophus_creaghi",0
"910","Rhinolophus_darlingi",1
"911","Rhinolophus_deckenii",0
"912","Rhinolophus_denti",0
"913","Rhinolophus_eloquens",0
"914","Rhinolophus_euryale",9
"915","Rhinolophus_euryotis",0
"916","Rhinolophus_ferrumequinum",123
"917","Rhinolophus_formosae",2
"918","Rhinolophus_fumigatus",0
"919","Rhinolophus_guineensis",0
"920","Rhinolophus_hildebrandtii",3
"921","Rhinolophus_hilli",0
"922","Rhinolophus_hillorum",0
"923","Rhinolophus_hipposideros",30
"924","Rhinolophus_imaizumii",0
"925","Rhinolophus_inops",3
"926","Rhinolophus_keyensis",0
"927","Rhinolophus_landeri",2
"928","Rhinolophus_lepidus",4
"929","Rhinolophus_luctus",2
"930","Rhinolophus_maclaudi",0
"931","Rhinolophus_macrotis",5
"932","Rhinolophus_madurensis",0
"933","Rhinolophus_maendeleo",0
"934","Rhinolophus_malayanus",0
"935","Rhinolophus_marshalli",0
"936","Rhinolophus_megaphyllus",1
"937","Rhinolophus_mehelyi",6
"938","Rhinolophus_mitratus",0
"939","Rhinolophus_monoceros",8
"940","Rhinolophus_montanus",0
"941","Rhinolophus_nereis",0
"942","Rhinolophus_osgoodi",0
"943","Rhinolophus_paradoxolophus",0
"944","Rhinolophus_pearsonii",0
"945","Rhinolophus_philippinensis",3
"946","Rhinolophus_pusillus",14
"947","Rhinolophus_rex",1
"948","Rhinolophus_robinsoni",0
"949","Rhinolophus_rouxii",2
"950","Rhinolophus_rufus",0
"951","Rhinolophus_ruwenzorii",0
"952","Rhinolophus_sakejiensis",0
"953","Rhinolophus_sedulus",1
"954","Rhinolophus_shameli",1
"955","Rhinolophus_shortridgei",0
"956","Rhinolophus_siamensis",0
"957","Rhinolophus_silvestris",0
"958","Rhinolophus_simulator",2
"959","Rhinolophus_sinicus",33
"960","Rhinolophus_stheno",0
"961","Rhinolophus_subbadius",0
"962","Rhinolophus_subrufus",1
"963","Rhinolophus_swinnyi",2
"964","Rhinolophus_thomasi",1
"965","Rhinolophus_trifoliatus",0
"966","Rhinolophus_virgo",1
"967","Rhinolophus_yunanensis",0
"968","Rhinolophus_ziama",0
"969","Rhinonicteris_aurantia",1
"970","Rhinophylla_alethina",0
"971","Rhinophylla_fischerae",0
"972","Rhinophylla_pumilio",4
"973","Rhinopoma_hardwickii",5
"974","Rhinopoma_macinnesi",0
"975","Rhinopoma_microphyllum",6
"976","Rhinopoma_muscatellum",2
"977","Rhogeessa_aeneus",0
"978","Rhogeessa_alleni",0
"979","Rhogeessa_genowaysi",0
"980","Rhogeessa_gracilis",0
"981","Rhogeessa_hussoni",0
"982","Rhogeessa_io",1
"983","Rhogeessa_minutilla",0
"984","Rhogeessa_mira",0
"985","Rhogeessa_parvula",1
"986","Rhogeessa_tumida",2
"987","Rhynchonycteris_naso",5
"988","Rousettus_aegyptiacus",186
"989","Rousettus_amplexicaudatus",8
"990","Rousettus_bidens",0
"991","Rousettus_celebensis",0
"992","Rousettus_lanosus",1
"993","Rousettus_leschenaultii",17
"994","Rousettus_linduensis",0
"995","Rousettus_madagascariensis",9
"996","Rousettus_obliviosus",0
"997","Rousettus_spinalatus",0
"998","Saccolaimus_flaviventris",5
"999","Saccolaimus_mixtus",0
"1000","Saccolaimus_peli",0
"1001","Saccolaimus_saccolaimus",0
"1002","Saccopteryx_antioquensis",0
"1003","Saccopteryx_bilineata",19
"1004","Saccopteryx_canescens",0
"1005","Saccopteryx_gymnura",0
"1006","Saccopteryx_leptura",1
"1007","Sauromys_petrophilus",1
"1008","Scleronycteris_ega",0
"1009","Scoteanax_rueppellii",0
"1010","Scotoecus_albigula",0
"1011","Scotoecus_albofuscus",0
"1012","Scotoecus_hindei",0
"1013","Scotoecus_hirundo",1
"1014","Scotoecus_pallidus",0
"1015","Scotomanes_ornatus",0
"1016","Scotonycteris_ophiodon",1
"1017","Scotonycteris_zenkeri",2
"1018","Scotophilus_borbonicus",1
"1019","Scotophilus_celebensis",0
"1020","Scotophilus_collinus",0
"1021","Scotophilus_dinganii",1
"1022","Scotophilus_heathii",5
"1023","Scotophilus_kuhlii",14
"1024","Scotophilus_leucogaster",2
"1025","Scotophilus_nigrita",0
"1026","Scotophilus_nucella",0
"1027","Scotophilus_nux",0
"1028","Scotophilus_robustus",0
"1029","Scotophilus_viridis",0
"1030","Scotorepens_balstoni",0
"1031","Scotorepens_greyii",0
"1032","Scotorepens_orion",0
"1033","Scotorepens_sanborni",0
"1034","Scotozous_dormeri",0
"1035","Sphaerias_blanfordi",0
"1036","Sphaeronycteris_toxophyllum",0
"1037","Stenoderma_rufum",1
"1038","Sturnira_aratathomasi",1
"1039","Sturnira_bidens",0
"1040","Sturnira_bogotensis",0
"1041","Sturnira_erythromos",1
"1042","Sturnira_lilium",54
"1043","Sturnira_ludovici",2
"1044","Sturnira_luisi",1
"1045","Sturnira_magna",0
"1046","Sturnira_mistratensis",0
"1047","Sturnira_mordax",0
"1048","Sturnira_nana",0
"1049","Sturnira_oporaphilum",1
"1050","Sturnira_thomasi",0
"1051","Sturnira_tildae",0
"1052","Styloctenium_wallacei",0
"1053","Syconycteris_australis",5
"1054","Syconycteris_carolinae",0
"1055","Syconycteris_hobbit",0
"1056","Tadarida_aegyptiaca",1
"1057","Tadarida_australis",2
"1058","Tadarida_brasiliensis",169
"1059","Tadarida_fulminans",0
"1060","Tadarida_insignis",0
"1061","Tadarida_kuboriensis",0
"1062","Tadarida_latouchei",0
"1063","Tadarida_lobata",0
"1064","Tadarida_teniotis",14
"1065","Tadarida_ventralis",0
"1066","Taphozous_achates",0
"1067","Taphozous_australis",0
"1068","Taphozous_georgianus",5
"1069","Taphozous_hamiltoni",0
"1070","Taphozous_hildegardeae",0
"1071","Taphozous_hilli",0
"1072","Taphozous_kapalgensis",0
"1073","Taphozous_longimanus",11
"1074","Taphozous_mauritianus",2
"1075","Taphozous_melanopogon",21
"1076","Taphozous_nudiventris",6
"1077","Taphozous_perforatus",6
"1078","Taphozous_theobaldi",1
"1079","Taphozous_troughtoni",0
"1080","Thoopterus_nigrescens",0
"1081","Thyroptera_discifera",0
"1082","Thyroptera_lavali",1
"1083","Thyroptera_tricolor",11
"1084","Tomopeas_ravus",1
"1085","Tonatia_bidens",1
"1086","Tonatia_saurophila",4
"1087","Trachops_cirrhosus",25
"1088","Triaenops_auritus",0
"1089","Triaenops_furculus",1
"1090","Triaenops_persicus",2
"1091","Triaenops_rufus",0
"1092","Trinycteris_nicefori",1
"1093","Tylonycteris_pachypus",13
"1094","Tylonycteris_robustula",5
"1095","Uroderma_bilobatum",18
"1096","Uroderma_magnirostrum",3
"1097","Vampyressa_bidens",1
"1098","Vampyressa_brocki",0
"1099","Vampyressa_melissa",0
"1100","Vampyressa_nymphaea",0
"1101","Vampyressa_pusilla",1
"1102","Vampyressa_thyone",0
"1103","Vampyrodes_caraccioli",1
"1104","Vampyrum_spectrum",3
"1105","Vespadelus_baverstocki",0
"1106","Vespadelus_caurinus",0
"1107","Vespadelus_darlingtoni",0
"1108","Vespadelus_douglasorum",0
"1109","Vespadelus_finlaysoni",0
"1110","Vespadelus_pumilus",0
"1111","Vespadelus_regulus",1
"1112","Vespadelus_troughtoni",0
"1113","Vespadelus_vulturnus",4
"1114","Vespertilio_murinus",11
"1115","Vespertilio_sinensis",6
